,repository_name,language
0,.github,
1,aegisthus,Java
2,af_tsa,C
3,aminator,Python
4,archaius,Java
5,asf-rez-fork,Python
6,asgard,Groovy
7,astyanax,Java
8,atlas,Scala
9,atlas-docs,Python
10,aws-autoscaling,Shell
11,awsobjectmapper,Groovy
12,batch_request_api,Ruby
13,batch_request_client,Ruby
14,bbparse,C
15,bettertls,Go
16,blesk,JavaScript
17,bless,Python
18,blitz4j,Java
19,brutal,Python
20,cachemover,C++
21,CassJMeter,Java
22,chaosmonkey,Go
23,Cloud-Prize,
24,clove,Python
25,codec_compare,Python
26,concurrency-limits,Java
27,conductor,Java
28,conductor-community,Java
29,conductor-docs,Python
